{
  "timestamp": "2026-04-28T03:47:09.121186+00:00",
  "eval_episodios": 100,
  "avg_winrate": 0.4093567251461988,
  "avg_ops": 0.86,
  "total_pnl": -231.51503838777984
}